,Donors,Primary Object,Type1 ,Type2,Dates,Commitment,Disbursement,Outstanding,,On Budget,Off Budget,,Cash ,In Kind,,Grant Component,Loan Component,Beneficiary Business,Beneficiary Entity,Response Center
1,GoL - Central Government,Revenue,Domestic ,GoL - Central Government,2020-03-16,"  750,000 ","  750,000 ",  -   ,,"  750,000 ",  -   ,,"  750,000 ",  -   ,,"  750,000 ",  -   ,  -   ,IMC,MoH
2,President George Manneh Weah,Revenue,Domestic,Others_ Individuals,2020-03-16,"  1,000,000 ","  1,000,000 ",  -   ,,  -   ,"  1,000,000 ",,"  1,000,000 ",  -   ,,"  1,000,000 ",  -   ,  -   ,IMC,MoH
3,Samora Wolokolie,Revenue,Domestic,Others_ Individuals,2020-03-16,"  2,000 ",  -   ,"  2,000 ",,  -   ,"  2,000 ",,"  2,000 ",  -   ,,"  2,000 ",  -   ,  -   ,IMC,MoH
4,United Bank of Africa,Revenue,Domestic,Others_Institution,2020-03-23,"  150,000 ","  150,000 ",  -   ,,  -   ,"  150,000 ",,"  150,000 ",  -   ,,"  150,000 ",  -   ,  -   ,IMC,MoH
5,Ecobank Liberia Ltd.,Revenue,Domestic,Others_Institution,2020-03-24,"  20,000 ","  20,000 ",  -   ,,  -   ,"  20,000 ",,"  20,000 ",  -   ,,"  20,000 ",  -   ,  -   ,IMC,MoH
6,World Bank ,Revenue,External,Multilateral,2020-03-15,"  17,000,000 ","  1,500,000 ","  15,500,000 ",,  -   ,"  1,500,000 ",,"  1,500,000 ",  -   ,,"  1,500,000 ",  -   ,  -   ,IMC,MoH
7,ECOWAS,Revenue,External,Sub_regional,2020-03-15,"  50,000 ","  50,000 ",  -   ,,  -   ,"  50,000 ",,"  50,000 ",  -   ,,"  50,000 ",  -   ,  -   ,IMC,MoH
8,PEOPLE OF CHINA,In Kind,External,Bilateral,2020-03-19,"  2,618 ","  2,618 ",  -   ,,  -   ,"  2,618 ",,  -   ,"  2,618 ",,"  2,618 ",  -   ,  -   ,IMC,MoH
9,LONESTAR CELL MTN,In Kind,Domestic,Others_Institution,2020-03-24,"  10,000 ","  10,000 ",  -   ,,  -   ,"  10,000 ",,  -   ,"  10,000 ",,"  10,000 ",  -   ,  -   ,IMC,MoH
10,ORANGE LIBERIA,In Kind,Domestic,Others_Institution,2020-03-24,"  32,500 ","  32,500 ",  -   ,,  -   ,"  32,500 ",,  -   ,"  32,500 ",,"  32,500 ",  -   ,  -   ,IMC,MoH
11,GIZ,In Kind,Domestic,Others_Institution,2020-03-25,"  5,000 ","  5,000 ",  -   ,,  -   ,"  5,000 ",,  -   ,"  5,000 ",,"  5,000 ",  -   ,  -   ,IMC,MoH
12,National Port Authority,In Kind,Domestic,GoL - State Owned Enterprises (SOEs) ,2020-03-25,"  7,000 ","  7,000 ",  -   ,,  -   ,"  7,000 ",,  -   ,"  7,000 ",,"  7,000 ",  -   ,  -   ,IMC,MoH
13,Presbyteririan Church Todee Mission,In Kind,Domestic,Others_Institution,2020-03-25,"  22,670 ","  22,670 ",  -   ,,  -   ,"  22,670 ",,  -   ,"  22,670 ",,"  22,670 ",  -   ,  -   ,IMC,MoH
14,Samiratan Purse,In Kind,External,Multilateral,2020-03-25,"  1,000 ","  1,000 ",  -   ,,  -   ,"  1,000 ",,  -   ,"  1,000 ",,"  1,000 ",  -   ,  -   ,IMC,MoH
15,UNFPA ,In Kind,External,Multilateral,2020-03-25,"  112,500 ","  112,500 ",  -   ,,  -   ,"  112,500 ",,  -   ,"  112,500 ",,"  112,500 ",  -   ,  -   ,IMC,MoH
16,UNFPA ,In Kind,External,Multilateral,2020-03-25,"  3,000 ","  3,000 ",  -   ,,  -   ,"  3,000 ",,  -   ,"  3,000 ",,"  3,000 ",  -   ,  -   ,IMC,MoH
17,WASH COMMISSION,In Kind,Domestic,GoL - Central Govt Entity ,2020-03-25,"  11,400 ","  11,400 ",  -   ,,  -   ,"  11,400 ",,  -   ,"  11,400 ",,"  11,400 ",  -   ,  -   ,IMC,MoH
18,WHO,In Kind,External,Multilateral,2020-03-25,"  125,950 ","  125,950 ",  -   ,,  -   ,"  125,950 ",,  -   ,"  125,950 ",,"  125,950 ",  -   ,  -   ,IMC,MoH
19,Government of Senegal,In Kind,External,Bilateral,2020-03-27,"  50,000 ","  50,000 ",  -   ,,  -   ,"  50,000 ",,  -   ,"  50,000 ",,"  50,000 ",  -   ,  -   ,IMC,MoH
20,ORANGE LIBERIA,In Kind,Domestic,Others_Institution,2020-03-27,  135 ,  135 ,  -   ,,  -   ,  135 ,,  -   ,  135 ,,  135 ,  -   ,  -   ,IMC,MoH
21,Rotary Club,In Kind,Domestic,Others_Institution,2020-03-27,  280 ,  280 ,  -   ,,  -   ,  280 ,,  -   ,  280 ,,  280 ,  -   ,  -   ,IMC,MoH
22,Professional Outreach INC,In Kind,Domestic,Others_Institution,2020-03-30,"  9,457 ","  9,457 ",  -   ,,  -   ,"  9,457 ",,  -   ,"  9,457 ",,"  9,457 ",  -   ,  -   ,IMC,MoH
23,UL School Of Pharmacy ,In Kind,Domestic,GoL - Central Govt Entity ,2020-03-30,  620 ,  620 ,  -   ,,  -   ,  620 ,,  -   ,  620 ,,  620 ,  -   ,  -   ,IMC,MoH
24,MSF -e- log,In Kind,Domestic,Others_Institution,2020-03-31,  275 ,  275 ,  -   ,,  -   ,  275 ,,  -   ,  275 ,,  275 ,  -   ,  -   ,IMC,MoH
25,ORANGE LIBERIA,In Kind,Domestic,Others_Institution,2020-03-31,"  201,346 ","  201,346 ",  -   ,,  -   ,"  201,346 ",,  -   ,"  201,346 ",,"  201,346 ",  -   ,  -   ,IMC,MoH
26,Eastern Star & Grand Lodge of Liberia,In Kind,Domestic,Others_Institution,2020-04-01,"  1,725 ","  1,725 ",  -   ,,  -   ,"  1,725 ",,  -   ,"  1,725 ",,"  1,725 ",  -   ,  -   ,IMC,MoH
27,Embassy of Nigeria,In Kind,External,Bilateral,2020-04-01,"  5,355 ","  5,355 ",  -   ,,  -   ,"  5,355 ",,  -   ,"  5,355 ",,"  5,355 ",  -   ,  -   ,IMC,MoH
28,Sam Johnson Foundation,In Kind,Domestic,Others_Institution,2020-04-02,"  1,380 ","  1,380 ",  -   ,,  -   ,"  1,380 ",,  -   ,"  1,380 ",,"  1,380 ",  -   ,  -   ,IMC,MoH
29,"DCL Laboratory Products Ltd, Liberia",In Kind,Domestic,Others_Institution,2020-04-06,  100 ,  100 ,  -   ,,  -   ,  100 ,,  -   ,  100 ,,  100 ,  -   ,  -   ,IMC,MoH
30, PIWAL (PHARMACIES IN LIBERIA),In Kind,Domestic,Others_Institution,2020-04-08,"  216,989 ","  216,989 ",  -   ,,  -   ,"  216,989 ",,  -   ,"  216,989 ",,"  216,989 ",  -   ,  -   ,IMC,MoH
31,FIRESTONE- LIBERIA,In Kind,Domestic,Others_Institution,2020-04-09,"  2,500 ","  2,500 ",  -   ,,  -   ,"  2,500 ",,  -   ,"  2,500 ",,"  2,500 ",  -   ,  -   ,IMC,MoH
32,LIBERIA FOOTBALL ASSOCIATION,In Kind,Domestic,Others_Institution,2020-04-09,"  10,085 ","  10,085 ",  -   ,,  -   ,"  10,085 ",,  -   ,"  10,085 ",,"  10,085 ",  -   ,  -   ,IMC,MoH
33,SUNU Group,In Kind,Domestic,Others_Institution,2020-04-09,"  63,089 ","  63,089 ",  -   ,,  -   ,"  63,089 ",,  -   ,"  63,089 ",,"  63,089 ",  -   ,  -   ,IMC,MoH
34,Trembo Nationals of America,In Kind,External,Others_Institution,2020-04-09,"  6,751 ","  6,751 ",  -   ,,  -   ,"  6,751 ",,  -   ,"  6,751 ",,"  6,751 ",  -   ,  -   ,IMC,MoH
35,POC1,Expenditure,Case Management,Rental,2020-04-10,"  84,777 ","  84,777 ",  -   ,,  -   ,  -   ,  -   ,  -   ,  -   ,  -   ,  -   ,  -   ,Executive Inn Hotel,IMC,MoH
36,POC2,Expenditure,Case Management,Rental,2020-04-10,"  99,000 ","  99,000 ",  -   ,,  -   ,  -   ,  -   ,  -   ,  -   ,  -   ,  -   ,  -   ,Kailondo Hotel,IMC,MoH
37,POC3,Expenditure,Case Management,Rental,2020-04-10,"  63,774 ","  63,774 ",  -   ,,  -   ,  -   ,  -   ,  -   ,  -   ,  -   ,  -   ,  -   ,Bless One,IMC,MoH
38,POC4,Expenditure,Case Management,Rental,2020-04-10,"  19,600 ","  19,600 ",  -   ,,  -   ,  -   ,  -   ,  -   ,  -   ,  -   ,  -   ,  -   ,Golden Key,IMC,MoH
39,POC5,Expenditure,Case Management,Rental,2020-04-10,"  18,480 ","  18,480 ",  -   ,,  -   ,  -   ,  -   ,  -   ,  -   ,  -   ,  -   ,  -   ,Travelers Inn,IMC,MoH
40,POC6,Expenditure,Case Management,Rental,2020-04-10,"  25,000 ","  25,000 ",  -   ,,  -   ,  -   ,  -   ,  -   ,  -   ,  -   ,  -   ,  -   ,Palm Spring Hotel,IMC,MoH
41,POC7,Expenditure,Case Management,Rental,2020-04-10,"  6,929 ","  6,929 ",  -   ,,  -   ,  -   ,  -   ,  -   ,  -   ,  -   ,  -   ,  -   ,John Gbessay Resort,IMC,MoH
42,POC8,Expenditure,Case Management,Rental,2020-04-10,"  10,267 ","  10,267 ",  -   ,,  -   ,  -   ,  -   ,  -   ,  -   ,  -   ,  -   ,  -   ,Simple Source Resources Inc,IMC,MoH
43,POC9,Expenditure,Case Management,Rental,2020-04-10,"  8,400 ","  8,400 ",  -   ,,  -   ,  -   ,  -   ,  -   ,  -   ,  -   ,  -   ,  -   ,Melt Group,IMC,MoH
44,POC10,Expenditure,Case Management,Rental,2020-04-10,  -   ,  -   ,  -   ,,  -   ,  -   ,  -   ,  -   ,  -   ,  -   ,  -   ,  -   ,Golden Gate,IMC,MoH
45,General Rehabilitation  of Star Base & 14 Military Hospital,Expenditure,Renovation ,Renovation,2020-04-10,"  18,672.65 ","  18,672.65 ",  -   ,  -   ,  -   ,  -   ,  -   ,  -   ,  -   ,  -   ,  -   ,  -   ,Star Base & 14th Military Hospital,Star Base & 14th Military Hospital,MoH
46,Door installation (14 Military),Expenditure,Renovation ,Renovation,2020-04-10,  500.00 ,  500.00 ,  -   ,  -   ,  -   ,  -   ,  -   ,  -   ,  -   ,  -   ,  -   ,  -   ,14th Military Hospital,14th Military Hospital,MoH
47,Generators servicing (14 Military),Expenditure,Renovation ,Renovation,2020-04-10,  -   ,  -   ,  -   ,  -   ,  -   ,  -   ,  -   ,  -   ,  -   ,  -   ,  -   ,  -   ,14th Military Hospital,14th Military Hospital,MoH
48,Generators servicing (MoH & NPH,Expenditure,Renovation ,Renovation,2020-04-10,  -   ,  -   ,  -   ,  -   ,  -   ,  -   ,  -   ,  -   ,  -   ,  -   ,  -   ,  -   ,MOH,MOH,MoH
49,Installation of Generator,Expenditure,Renovation ,Renovation,2020-04-10,"  1,000.00 ","  1,000.00 ",  -   ,  -   ,  -   ,  -   ,  -   ,  -   ,  -   ,  -   ,  -   ,  -   ,14th Military Hospital,14th Military Hospital,MoH
50,Catering  at Star Base,Expenditure,Case Management,Catering,2020-04-10,13411.51,13411.51,  -   ,  -   ,  -   ,  -   ,  -   ,  -   ,  -   ,  -   ,  -   ,  -   ,Star Base  ,Star Base  ,MoH
51,Catering at14th military hospital,Expenditure,Case Management,Catering,2020-04-12,10974.03,10974.03,  -   ,  -   ,  -   ,  -   ,  -   ,  -   ,  -   ,  -   ,  -   ,  -   ,14th Military Hospital,14th Military Hospital,MoH
52,Catering for response staff,Expenditure,Case Management,Catering,2020-04-13,5000,5000,  -   ,  -   ,  -   ,  -   ,  -   ,  -   ,  -   ,  -   ,  -   ,  -   ,IMC,IMC,MoH
53,Fuel (MCC & PCC),Expenditure,Coordination,Coordination,2020-04-13,10000,10000,  -   ,  -   ,  -   ,  -   ,  -   ,  -   ,  -   ,  -   ,  -   ,  -   ,MCC & PCC,MCC & PCC,MoH
54,Fuel (MoH & NPHIL),Expenditure,Coordination,Coordination,2020-04-13,0,0,  -   ,  -   ,  -   ,  -   ,  -   ,  -   ,  -   ,  -   ,  -   ,  -   ,MoH & NPHIL,MoH & NPHIL,MoH
55,Fuel MYS,Expenditure,Coordination,Coordination,2020-04-13,3500,3500,  -   ,  -   ,  -   ,  -   ,  -   ,  -   ,  -   ,  -   ,  -   ,  -   ,MYS,MYS,MoH
56,MIA Border coordination,Expenditure,Coordination,Coordination,2020-04-13,3000,3000,  -   ,  -   ,  -   ,  -   ,  -   ,  -   ,  -   ,  -   ,  -   ,  -   ,MIA,MIA,MoH
57,NDMA,Expenditure,Coordination,Coordination,2020-04-13,5000,5000,  -   ,  -   ,  -   ,  -   ,  -   ,  -   ,  -   ,  -   ,  -   ,  -   ,NDMA,NDMA,MoH
58,EPA,Expenditure,Coordination,Coordination,2020-04-13,2000,2000,  -   ,  -   ,  -   ,  -   ,  -   ,  -   ,  -   ,  -   ,  -   ,  -   ,EPA,EPA,MoH
59,Resource Management Team,Expenditure,Coordination,Coordination,2020-04-13,5000,5000,  -   ,  -   ,  -   ,  -   ,  -   ,  -   ,  -   ,  -   ,  -   ,  -   ,IMC,IMC,MoH
60,Psychosocial Counseling (Gender,Expenditure,Coordination,Coordination,2020-04-13,7500,7500,  -   ,  -   ,  -   ,  -   ,  -   ,  -   ,  -   ,  -   ,  -   ,  -   ,Gender,Gender,MoH
61,Ministry of Transport,Expenditure,Coordination,Coordination,2020-04-13,3500,3500,  -   ,  -   ,  -   ,  -   ,  -   ,  -   ,  -   ,  -   ,  -   ,  -   ,MOT,MOT,MoH
62,DEA,Expenditure,Coordination,Coordination,2020-04-13,2500,2500,  -   ,  -   ,  -   ,  -   ,  -   ,  -   ,  -   ,  -   ,  -   ,  -   ,DEA,DEA,MoH
63,NPHIL/MOH visit,Expenditure,Coordination,Coordination,2020-04-13,6360,6360,  -   ,  -   ,  -   ,  -   ,  -   ,  -   ,  -   ,  -   ,  -   ,  -   ,MoH & NPHIL,MoH & NPHIL,MoH
64,Fuel for Joint Security,Expenditure,EP Surveillance,EP Surveillance,2020-04-13,38600,38600,  -   ,  -   ,  -   ,  -   ,  -   ,  -   ,  -   ,  -   ,  -   ,  -   ,Joint Security,Joint Security,MoH
65,Joint Security response Feeding,Expenditure,EP Surveillance,EP Surveillance,2020-04-13,2000,2000,  -   ,  -   ,  -   ,  -   ,  -   ,  -   ,  -   ,  -   ,  -   ,  -   ,Joint Security,Joint Security,MoH
66,Joint Security (Special Ops),Expenditure,EP Surveillance,EP Surveillance,2020-04-13,15000,15000,  -   ,  -   ,  -   ,  -   ,  -   ,  -   ,  -   ,  -   ,  -   ,  -   ,Joint Security,Joint Security,MoH
67,Fuel for Joint Security,Expenditure,EP Surveillance,EP Surveillance,2020-04-13,20000,20000,  -   ,  -   ,  -   ,  -   ,  -   ,  -   ,  -   ,  -   ,  -   ,  -   ,Joint Security,Joint Security,MoH
68,Support to Grand Gedeh County H,Expenditure,County Support,County Support,2020-04-13,2840,2840,  -   ,  -   ,  -   ,  -   ,  -   ,  -   ,  -   ,  -   ,  -   ,  -   ,Grand Gedeh Health Team,Grand Gedeh Health Team,MoH
69,Support to Grand Kru County Health,Expenditure,County Support,County Support,2020-04-13,2840,2840,  -   ,  -   ,  -   ,  -   ,  -   ,  -   ,  -   ,  -   ,  -   ,  -   ,Grand Kru Health Team,Grand Kru Health Team,MoH
70,Support to Margibi County,Expenditure,County Support,County Support,2020-04-13,2840,2840,  -   ,  -   ,  -   ,  -   ,  -   ,  -   ,  -   ,  -   ,  -   ,  -   ,Margibi Health Team,Margibi Health Team,MoH
71,Support to Maryland County Heal,Expenditure,County Support,County Support,2020-04-13,2840,2840,  -   ,  -   ,  -   ,  -   ,  -   ,  -   ,  -   ,  -   ,  -   ,  -   ,Maryland Health Team,Maryland Health Team,MoH
72,Support to Montserrado County,Expenditure,County Support,County Support,2020-04-13,3840,3840,  -   ,  -   ,  -   ,  -   ,  -   ,  -   ,  -   ,  -   ,  -   ,  -   ,Montserrado Health Team,Montserrado Health Team,MoH
73,Support to Nimba County Health,Expenditure,County Support,County Support,2020-04-13,2840,2840,  -   ,  -   ,  -   ,  -   ,  -   ,  -   ,  -   ,  -   ,  -   ,  -   ,Nimba Health Team,Nimba Health Team,MoH
74,Support to Rivergee County Heal,Expenditure,County Support,County Support,2020-04-13,2840,2840,  -   ,  -   ,  -   ,  -   ,  -   ,  -   ,  -   ,  -   ,  -   ,  -   ,Rivergee Health Team,Rivergee Health Team,MoH
75,Office supplies & stationeries,Expenditure,Other Operations,Other Operations,2020-04-13,13300.4,13300.4,  -   ,  -   ,  -   ,  -   ,  -   ,  -   ,  -   ,  -   ,  -   ,  -   ,IMC,IMC,MoH
76,"Office supplies, stationary(14",Expenditure,Other Operations,Other Operations,2020-04-13,244,244,  -   ,  -   ,  -   ,  -   ,  -   ,  -   ,  -   ,  -   ,  -   ,  -   ,14th Military Hospital,14th Military Hospital,MoH
77,Operational Expense (NPHIL),Expenditure,Other Operations,Other Operations,2020-04-13,16102.59,16102.59,  -   ,  -   ,  -   ,  -   ,  -   ,  -   ,  -   ,  -   ,  -   ,  -   ,NPHIL,NPHIL,MoH
78,Vehicles servicing,Expenditure,Other Operations,Other Operations,2020-04-13,500,500,  -   ,  -   ,  -   ,  -   ,  -   ,  -   ,  -   ,  -   ,  -   ,  -   ,IMC,IMC,MoH
79,Fuel for operation ,Expenditure,Other Operations,Other Operations,2020-04-13,1368,1368,  -   ,  -   ,  -   ,  -   ,  -   ,  -   ,  -   ,  -   ,  -   ,  -   ,IMC,IMC,MoH
80,Fuel for Generators,Expenditure,Other Operations,Other Operations,2020-04-13,28500,28500,  -   ,  -   ,  -   ,  -   ,  -   ,  -   ,  -   ,  -   ,  -   ,  -   ,IMC,IMC,MoH
81,WASH Commission sensitization,Expenditure,Other Operations,Wash & Dead Body Mangagement,2020-04-13,7500,7500,  -   ,  -   ,  -   ,  -   ,  -   ,  -   ,  -   ,  -   ,  -   ,  -   ,Wash Commission,Wash Commission,MoH
82,Media,Expenditure,Risk & Communication,Media,2020-04-13,17350,17350,  -   ,  -   ,  -   ,  -   ,  -   ,  -   ,  -   ,  -   ,  -   ,  -   ,MICAT,MICAT,MoH
83,Mutual Benefits Assurance,In Kind,Domestic,Others_Institution,2020-04-08,"1,040.00","1,040.00",  -   ,,0,"1,040.00",,0,"1,040.00",,"1,040.00",-,,,NRC
84,Aqua Life Minieral Water,In Kind,Domestic,Others_Institution,2020-04-10,440,440,  -   ,,0,440,,0,440,,440,-,,,NRC
85,BMC Capitol Byepass,In Kind,Domestic,Others_Institution,2020-04-10,"2,000.00","2,000.00",  -   ,,0,"2,000.00",,0,"2,000.00",,"2,000.00",-,,,NRC
86,First Responder,In Kind,Domestic,Others_Institution,2020-04-10,200,200,  -   ,,0,200,,0,200,,200,-,,,NRC
87,Fresh Frozen Food,In Kind,Domestic,Others_Institution,2020-04-10,440,440,  -   ,,0,440,,0,440,,440,-,,,NRC
88,Mano Manufacturing & Mano Oil Palm Company,In Kind,Domestic,Others_Institution,2020-04-10,330,330,  -   ,,0,330,,0,330,,330,-,,,NRC
89,National Toiletries,In Kind,Domestic,Others_Institution,2020-04-10,"2,000.00","2,000.00",  -   ,,0,"2,000.00",,0,"2,000.00",,"2,000.00",-,,,NRC
90,Bridgeway Corp,In Kind,Domestic,Others_Institution,2020-04-11,300,300,  -   ,,0,300,,0,300,,300,-,,,NRC
91,BUNU International,In Kind,Domestic,Others_Institution,2020-04-11,240,240,  -   ,,0,240,,0,240,,240,-,,,NRC
92,Cable Consortium Of Liberia,In Kind,Domestic,Others_Institution,2020-04-11,750,750,  -   ,,0,750,,0,750,,750,-,,,NRC
93,First Responder,In Kind,Domestic,Others_Institution,2020-04-11,75,75,  -   ,,0,75,,0,75,,75,-,,,NRC
94,SWAT,In Kind,Domestic,Others_Institution,2020-04-11,450,450,  -   ,,0,450,,0,450,,450,-,,,NRC
95,United Commodities Inc,In Kind,Domestic,Others_Institution,2020-04-11,320,320,  -   ,,0,320,,0,320,,320,-,,,NRC
96,MNG Liberia,In Kind,Domestic,Others_Institution,2020-04-12,600,600,  -   ,,0,600,,0,600,,600,-,,,NRC
97,Cable Consortium Of Liberia,In Kind,Domestic,Others_Institution,2020-04-13,"1,250.00","1,250.00",  -   ,,0,"1,250.00",,0,"1,250.00",,"1,250.00",-,,,NRC
98,Monrovia Auto Detailers Car Rental Service,In Kind,Domestic,Others_Institution,2020-04-13,130,130,  -   ,,0,130,,0,130,,130,-,,,NRC
99,United Commodities Inc,In Kind,Domestic,Others_Institution,2020-04-14,850,850,  -   ,,0,850,,0,850,,850,-,,,NRC
100,BMC Capitol Byepass,In Kind,Domestic,Others_Institution,2020-04-15,"2,000.00","2,000.00",  -   ,,0,"2,000.00",,0,"2,000.00",,"2,000.00",-,,,NRC
101,MNG Liberia,In Kind,Domestic,Others_Institution,2020-04-15,"1,725.00","1,725.00",  -   ,,0,"1,725.00",,0,"1,725.00",,"1,725.00",-,,,NRC
102,Monrovia Auto Detailers Car Rental Service,In Kind,Domestic,Others_Institution,2020-04-15,160,160,  -   ,,0,160,,0,160,,160,-,,,NRC
103,MNG Liberia,In Kind,Domestic,Others_Institution,2020-04-16,"5,000.00","5,000.00",  -   ,,0,"5,000.00",,0,"5,000.00",,"5,000.00",-,,,NRC
104,CONEX OIL & Gas,In Kind,Domestic,Others_Institution,2020-04-18,63,63,  -   ,,0,63,,0,63,,63,-,,,NRC
105,MNG Liberia,In Kind,Domestic,Others_Institution,2020-04-18,900,900,  -   ,,0,900,,0,900,,900,-,,,NRC
106,Siah Davies,In Kind,Domestic,Others_Institution,2020-04-18,274,274,  -   ,,0,274,,0,274,,274,-,,,NRC
107,WASH COMMISSION,In Kind,Domestic,Others_Institution,2020-04-18,250,250,  -   ,,0,250,,0,250,,250,-,,,NRC
108,Aqua Life Minieral Water,In Kind,Domestic,Others_Institution,2020-04-19,520,520,  -   ,,0,520,,0,520,,520,-,,,NRC
109,CONEX OIL & Gas,In Kind,Domestic,Others_Institution,2020-04-21,15,15,  -   ,,0,15,,0,15,,15,-,,,NRC
110,UNDP,In Kind,External,Multilateral,2020-04-21,"5,000.00","5,000.00",  -   ,,0,"5,000.00",,0,"5,000.00",,"5,000.00",-,,,NRC
111,James Davies & Sons Inc.,In Kind,Domestic,Others_Institution,2020-04-22,150,150,  -   ,,0,150,,0,150,,150,-,,,NRC
112,Victor Fahnbulleh,In Kind,Domestic,Others_Institution,2020-04-22,150,150,  -   ,,0,150,,0,150,,150,-,,,NRC
113,Rep. Ivar K. Jones,In Kind,Domestic,Others_Individual,2020-04-23,"3,150.00","3,150.00",  -   ,,0,"3,150.00",,0,"3,150.00",,"3,150.00",-,,,NRC
114,UNDP,In Kind,External,Multilateral,2020-04-23,"25,900.00","25,900.00",  -   ,,0,"25,900.00",,0,"25,900.00",,"25,900.00",-,,,NRC
115,BRAC,In Kind,Domestic,Others_Institution,2020-04-24,"15,265.00","15,265.00",  -   ,,0,"15,265.00",,0,"15,265.00",,"15,265.00",-,,,NRC
116,"SOS,  SAVE THE CHILDREN & PLAN INTERNATIONAL",In Kind,Domestic,Others_Institution,2020-04-24,"27,310.00","27,310.00",  -   ,,0,"27,310.00",,0,"27,310.00",,"27,310.00",-,,,NRC
117,MNG Liberia,In Kind,Domestic,Others_Institution,2020-04-10,435,435,  -   ,,0,435,,0,435,,435,-,,,NRC
118,GoL - Central Government,Revenue,Domestic ,GoL - Central Government,2020-03-24,"  1,497,538 ","  1,000,000 ","  497,538 ",,"  1,000,000 ",  -   ,,"  1,497,538 ",  -   ,,"  1,497,538 ",  -   ,  -   ,IMC,MoH
119,Saar Insurance Company,Revenue,Domestic ,Others_Institution,2020-03-24,"  50,000 ","  50,000 ",  -   ,,  -   ,"  50,000 ",,"  50,000 ",  -   ,,"  50,000 ",  -   ,  -   ,IMC,MoH
120,PEOPLE OF CHINA,Revenue,External,Bilateral,2020-03-29,"  10,000 ","  10,000 ",  -   ,,  -   ,"  10,000 ",,"  10,000 ",  -   ,,"  10,000 ",  -   ,  -   ,IMC,MoH
121,USAID,Revenue,External,Bilateral,2020-03-19,"  1,062,000 ",  -   ,"  1,062,000 ",,  -   ,"  1,062,000 ",,"  1,062,000 ",  -   ,,  -   ,  -   ,  -   ,IMC,MoH
122,AFENET,Revenue,Domestic,Others_Institution,2020-03-19,"  199,654 ","  60,654 ","  139,000 ",,  -   ,"  199,654 ",,"  199,654 ",  -   ,,"  60,654 ",  -   ,  -   ,IMC,MoH
123,GAVI,Revenue,Domestic,Others_Institution,2020-03-19,"  760,000 ","  760,000 ",  -   ,,  -   ,"  760,000 ",,"  760,000 ",  -   ,,"  760,000 ",  -   ,  -   ,IMC,MoH
124,CARTER CENTER,Revenue,Domestic,Others_Institution,2020-03-19,"  7,463 ","  7,463 ",  -   ,,  -   ,"  7,463 ",,"  7,463 ",  -   ,,"  7,463 ",  -   ,  -   ,IMC,MoH
125,Development and validation of Surveillance SOP,Expenditure,EP Surveillance,EP Surveillance,2020-04-13,14000,14000,  -   ,  -   ,  -   ,  -   ,  -   ,  -   ,  -   ,  -   ,  -   ,  -   ,MOH,MOH,MoH
126,Training of Surge team nationwide,Expenditure,EP Surveillance,EP Surveillance,2020-04-20,"88,375.00","88,375.00",  -   ,  -   ,  -   ,  -   ,  -   ,  -   ,  -   ,  -   ,  -   ,  -   ,MOH,MOH,MoH
127,Nationwide training -case detection,Expenditure,EP Surveillance,EP Surveillance,2020-04-20,"102,001.00","102,001.00",  -   ,  -   ,  -   ,  -   ,  -   ,  -   ,  -   ,  -   ,  -   ,  -   ,MOH,MOH,MoH
128,Training and mentoring for COVID_19 sample collection,Expenditure,Lab,Lab,2020-04-20,"18,141.00","18,141.00",  -   ,  -   ,  -   ,  -   ,  -   ,  -   ,  -   ,  -   ,  -   ,  -   ,MOH,MOH,MoH
129,Procurement of Lab supplies and reagents,Expenditure,Lab,Lab,2020-04-20,"139,215.00","139,215.00",  -   ,  -   ,  -   ,  -   ,  -   ,  -   ,  -   ,  -   ,  -   ,  -   ,MOH,MOH,MoH
130,"Procurement of IPC, WASH and dead body management supplies",Expenditure,Lab,Lab,2020-04-20,"267,260.00","267,260.00",  -   ,  -   ,  -   ,  -   ,  -   ,  -   ,  -   ,  -   ,  -   ,  -   ,MOH,MOH,MoH
131,Logistics,Expenditure,Lab,Lab,2020-04-20,"76,023.00","76,023.00",  -   ,  -   ,  -   ,  -   ,  -   ,  -   ,  -   ,  -   ,  -   ,  -   ,MOH,MOH,MoH
132,Training healthcare workers in major hospital and health centers,Expenditure,Case Management,Case Management,2020-04-20,"98,795.00","98,795.00",  -   ,  -   ,  -   ,  -   ,  -   ,  -   ,  -   ,  -   ,  -   ,  -   ,MOH,MOH,MoH
133,Procurement of supplies to support star-base,Expenditure,Case Management,Case Management,2020-04-20,"10,400.00","10,400.00",  -   ,  -   ,  -   ,  -   ,  -   ,  -   ,  -   ,  -   ,  -   ,  -   ,MOH,MOH,MoH
134,Procurement of meical equipment,Expenditure,Case Management,Case Management,2020-04-20,"226,000.00","226,000.00",  -   ,  -   ,  -   ,  -   ,  -   ,  -   ,  -   ,  -   ,  -   ,  -   ,MOH,MOH,MoH
135,Development and printing of IEC/BCC materials,Expenditure,Risk & Communication,Media,2020-04-13,"20,000.00","20,000.00",  -   ,  -   ,  -   ,  -   ,  -   ,  -   ,  -   ,  -   ,  -   ,  -   ,MOH,MoH,MoH
136,Support advocacy meeting in Margibi and Montserrado Counties,Expenditure,Risk & Communication,Media,2020-04-13,"30,150.00","30,150.00",  -   ,  -   ,  -   ,  -   ,  -   ,  -   ,  -   ,  -   ,  -   ,  -   ,MOH,MoH,MoH
137,Development of messages and airing in vernaculars,Expenditure,Risk & Communication,Media,2020-04-13,"71,491.00","71,491.00",  -   ,  -   ,  -   ,  -   ,  -   ,  -   ,  -   ,  -   ,  -   ,  -   ,MOH,MoH,MoH
138,Procurement of fuel and communication cards,Expenditure,Other Operations,Other Operations,2020-04-13,"338,149.00","338,149.00",  -   ,  -   ,  -   ,  -   ,  -   ,  -   ,  -   ,  -   ,  -   ,  -   ,IMC,IMC,MoH
,PAYMENT REPRESENTING 62.5% TO EXECUTIVE INN FOR PRECAUTIONARY OBSERVATION SERVICES RENDERED IN THE CORONAVIRUS PREPAREDNESS RESPONSE,Expenditure,Case Management,Case Management,2020-02-12,0,"75,000.00",  -   ,  -   ,  -   ,  -   ,  -   ,  -   ,  -   ,  -   ,  -   ,  -   ,Executive Inn,,
,DSA FOR WAREHOUSE STAFF AT MOH AND NPHIL TO CONDUCT AN ASSESSMENT OF WAREHOUSES IN FIVE COUNTIES,Expenditure,Logistics,Logistics,2020-02-14,0,"6,360.00",  -   ,  -   ,  -   ,  -   ,  -   ,  -   ,  -   ,  -   ,  -   ,  -   ,Mercy J Musah,,
,WORKERS FROM NPHIL/MOH PROPOSED OBSERVATION AND TEMPORARY HOLDING CENTER FOR THE CORONAVIRUS,Expenditure,Coordination,Coordination,2020-02-14,0,"9,450.00",  -   ,  -   ,  -   ,  -   ,  -   ,  -   ,  -   ,  -   ,  -   ,  -   ,Mercy J Musah,,
,PAYMENT REPRESENTING  VEHICLE MAINTENANCE FOR TRIP TO FIVE COUNTIES TO CONDUCT WAREHOUSE ASSESSMENT,Expenditure,Logistics,Logistics,2020-02-17,0,500,  -   ,  -   ,  -   ,  -   ,  -   ,  -   ,  -   ,  -   ,  -   ,  -   ,Victoria  Smith - Mulbah,,
,PAYMENT REPRESENTING Covid -19 response incident management system staff stipend for 15 and 10 days,Expenditure,Coordination,Coordination,2020-02-18,0,"11,760.00",  -   ,  -   ,  -   ,  -   ,  -   ,  -   ,  -   ,  -   ,  -   ,  -   ,Mercy J Musah,,
,PAYMENT REPRESENTING Covid -19 response incident management system staff stipend for 15 and 10 days,Expenditure,Coordination,Coordination,2020-02-18,0,"35,575.00",  -   ,  -   ,  -   ,  -   ,  -   ,  -   ,  -   ,  -   ,  -   ,  -   ,Annette Beikor,,
,100% PAYMENT REPRESENTING ACCOMMODATION FOR PRECAUTIONARY OBSERVATION SERVICES RENDERED IN THE CORONAVIRUS PREPAREDNESS AND RESPONSE,Expenditure,Case Management,Case Management,2020-02-21,0,"50,000.00",  -   ,  -   ,  -   ,  -   ,  -   ,  -   ,  -   ,  -   ,  -   ,  -   ,Kailondo Hotel,,
,PAYMENT REPRESENTING ACCOMMODATION AND FEEDING FOR  PRECAUTIONARY OBSERVATION SERVICES RENDERED IN THE CORONAVIRUS PREPAREDNESS AND RESPONSE,Expenditure,Case Management,Case Management,2020-02-21,0,"43,820.00",  -   ,  -   ,  -   ,  -   ,  -   ,  -   ,  -   ,  -   ,  -   ,  -   ,Bless 1 Luxury Resort,,
,Diesel fuel for NPHIL to facilitate the movement of IMS teams for the Coronavirus intervention activities.,Expenditure,Logistics,Logistics,2020-03-03,0,"9,500.00",  -   ,  -   ,  -   ,  -   ,  -   ,  -   ,  -   ,  -   ,  -   ,  -   ,Super Petroleum Company,,
,REIMBURSEMENT FOR FUNDS TO SUPPORT THE PREPAREDNESS OF STAR BASE CORONAVIRUS INTERVENTION,Expenditure,Case Management,Case Management,2020-03-12,0,500,  -   ,  -   ,  -   ,  -   ,  -   ,  -   ,  -   ,  -   ,  -   ,  -   ,Annette Beikor,,
,"PAYMENT REPRESENTING PRESS COVERAGE, WATER AND TRANSPORTATION FOR MEDIA PERSONNEL ON THE COVERAGE OF CORONA VIRUS",Expenditure,Risk Management,Risk Management,2020-03-19,0,"3,050.00",  -   ,  -   ,  -   ,  -   ,  -   ,  -   ,  -   ,  -   ,  -   ,  -   ,Annette Beikor,,
,PAYMENT REPRESENTING ACCOMMODATION AND FEEDING FOR PRECAUTIONARY OBSERVATION SERVICES RENDERED FOR THE COVID-19 PREPAREDNESS AND RESPONSE,Expenditure,Case Management,Case Management,2020-03-23,0,"19,600.00",  -   ,  -   ,  -   ,  -   ,  -   ,  -   ,  -   ,  -   ,  -   ,  -   ,Golden Key Hotel,,
,"BALANCE FEBRUARY 2020 STIPEND FOR RESPONDENTS (NURSES, DOCTORS,SURVEILLANCE STAFF) WHO ARE ASSIGNED AT THE PRECAUTIONARY OBSERVATION CENTERS",Expenditure,Coordination,Coordination,2020-03-23,0,"28,832.50",  -   ,  -   ,  -   ,  -   ,  -   ,  -   ,  -   ,  -   ,  -   ,  -   ,Annette Beikor,,
,PAYMENT REPRESENTING ACCOMMODATION FOR PRECAUTIONARY OBSERVATION SERVICES RENDERED FOR THE COVID-19 PREPAREDNESS AND RESPONSE,Expenditure,Case Management,Case Management,2020-03-23,0,"49,000.00",  -   ,  -   ,  -   ,  -   ,  -   ,  -   ,  -   ,  -   ,  -   ,  -   ,Kailondo Hotel,,
,PAYMENT REPRESENTING ACCOMMODATION AND FEEDING  AT STAR BASE PRECAUTIONARY OBSERVATION CENTER OF THE COVID-19 PREPAREDNESS AND RESPONSE,Expenditure,Case Management,Case Management,2020-03-23,0,"10,644.48",  -   ,  -   ,  -   ,  -   ,  -   ,  -   ,  -   ,  -   ,  -   ,  -   ,Travellers Inn Guest House,,
,PAYMENT REPRESENTING ACCOMMODATION AND FEEDING  AT STAR BASE PRECAUTIONARY OBSERVATION CENTER OF THE COVID-19 PREPAREDNESS AND RESPONSE,Expenditure,Case Management,Case Management,2020-03-23,0,"8,064.00",  -   ,  -   ,  -   ,  -   ,  -   ,  -   ,  -   ,  -   ,  -   ,  -   ,"Bar 70 (Restaurant, Bar and catering Services)",,
,Fuel for vehicle for field trip to five (5) Counties,Expenditure,Logistics,Logistics,2020-03-23,0,"1,368.00",  -   ,  -   ,  -   ,  -   ,  -   ,  -   ,  -   ,  -   ,  -   ,  -   ,Super Petroleum Company,,
,PAYMENT REPRESENTING FEEDING & ACCOMMODATION FOR PRECAUTIONARY OBSERVATION SERVICES RENDERED FOR THE COVID-19 PREPAREDNESS AND,Expenditure,Case Management,Case Management,2020-03-25,0,"5,880.00",  -   ,  -   ,  -   ,  -   ,  -   ,  -   ,  -   ,  -   ,  -   ,  -   ,Palm Spring Resort Liberia,,
,PAYMENT REPRESENTING FEEDING & ACCOMMODATION FOR PRECAUTIONARY OBSERVATION SERVICES RENDERED FOR COVID-19 PREPAREDNESS AND RESPONSE,Expenditure,Case Management,Case Management,2020-03-25,0,"5,880.00",  -   ,  -   ,  -   ,  -   ,  -   ,  -   ,  -   ,  -   ,  -   ,  -   ,Executive Inn,,
,PAYMENT REPRESENTING FEEDING & ACCOMMODATION FOR PRECAUTIONARY OBSERVATION SERVICES RENDERED FOR COVID-19 PREPAREDNESS AND RESPONSE,Expenditure,Case Management,Case Management,2020-03-26,0,"4,233.60",  -   ,  -   ,  -   ,  -   ,  -   ,  -   ,  -   ,  -   ,  -   ,  -   ,Simple Source Resources Inc,,
,PAYMENT REPRESENTING FEEDING & ACCOMMODATION FOR PRECAUTIONARY OBSERVATION SERVICES RENDERED FOR COVID-19 PREPAREDNESS AND RESPONSE,Expenditure,Case Management,Case Management,2020-03-26,0,"12,094.20",  -   ,  -   ,  -   ,  -   ,  -   ,  -   ,  -   ,  -   ,  -   ,  -   ,Bless 1 Luxury Resort,,
,Disinfectant materials to be used by NPHIL/EOC,Expenditure,WASH,WASH,2020-03-31,0,"2,957.00",  -   ,  -   ,  -   ,  -   ,  -   ,  -   ,  -   ,  -   ,  -   ,  -   ,Willmart Enterprises,,
,COVID-19 SUPPORT TO JOINT SECURITY TASK FORCE SPECIAL OPERATIONS,Expenditure,Coordination,Coordination,2020-04-01,0,"17,000.00",  -   ,  -   ,  -   ,  -   ,  -   ,  -   ,  -   ,  -   ,  -   ,  -   ,Liberia National Police,,
,"PAYMENT REPRESENTING FOR MOH CPU USAGE , BACKUP FOR THE MINISTRY WEBSITE",Expenditure,Coordination,Coordination,2020-04-03,0,297,  -   ,  -   ,  -   ,  -   ,  -   ,  -   ,  -   ,  -   ,  -   ,  -   ,Calvin  Coleman,,
,PAYMENT REPRESENTING FEEDING & ACCOMMODATION FOR PRECAUTIONARY OBSERVATION SERVICES RENDERED FOR COVID-19 PREPAREDNESS AND RESPONSE,Expenditure,Case Management,Case Management,2020-04-06,0,"15,000.00",  -   ,  -   ,  -   ,  -   ,  -   ,  -   ,  -   ,  -   ,  -   ,  -   ,Palm Spring Resort Liberia,,
,COVID-19 PETTY CASH SUPPORT FOR OPERATIONS,Expenditure,Coordination,Coordination,2020-04-06,0,"10,000.00",  -   ,  -   ,  -   ,  -   ,  -   ,  -   ,  -   ,  -   ,  -   ,  -   ,Trokon  Brown,,
,PAYMENT REPRESENTING SUPPLY OF FUEL TO 14 MILITARY HOSPITAL FOR COVID-19,Expenditure,Logistics,Logistics,2020-04-06,0,"28,500.00",  -   ,  -   ,  -   ,  -   ,  -   ,  -   ,  -   ,  -   ,  -   ,  -   ,Gboni Enterprise INC,,
,FEBRUARY 2020 INCENTIVE FOR COVID-19 EMERGENCY RESPONSE STAFF,Expenditure,Coordination,Coordination,2020-04-07,0,"21,416.00",  -   ,  -   ,  -   ,  -   ,  -   ,  -   ,  -   ,  -   ,  -   ,  -   ,Annette Beikor,,
,COMPENSATION FOR STAFF ASSIGNED AT MILITARY HOSPITAL COVID 19,Expenditure,Coordination,Coordination,2020-04-09,0,"24,855.00",  -   ,  -   ,  -   ,  -   ,  -   ,  -   ,  -   ,  -   ,  -   ,  -   ,Annette Beikor,,
,VOID,Expenditure,,,2020-04-09,0,"17,400.00",  -   ,  -   ,  -   ,  -   ,  -   ,  -   ,  -   ,  -   ,  -   ,  -   ,Annette Beikor,,
,CATERING SERVICES FOR COVID-19 RESPONSE AT THE 14 Military Hospital,Expenditure,Case Management,Case Management,2020-04-10,0,"6,300.00",  -   ,  -   ,  -   ,  -   ,  -   ,  -   ,  -   ,  -   ,  -   ,  -   ,Shark's Entertainment Inc,,
,COVID-19 SUPPORT TO CONDUCT AWARENESS CAMPAIGN,Expenditure,Risk Management,Risk Management,2020-04-10,0,"5,000.00",  -   ,  -   ,  -   ,  -   ,  -   ,  -   ,  -   ,  -   ,  -   ,  -   ,Liberia Crusaders for Peace,,
,Scratch Cards for COVID-19 Operations,Expenditure,Coordination,Coordination,2020-04-13,0,950,  -   ,  -   ,  -   ,  -   ,  -   ,  -   ,  -   ,  -   ,  -   ,  -   ,Nyienah Enterprise,,
,Catering Services of COVID-19 200 RES-PONDERS AT THE NATIONAL EMERGENCY OPERATIONS CENTER,Expenditure,Case Management,Case Management,2020-04-13,0,"4,800.00",  -   ,  -   ,  -   ,  -   ,  -   ,  -   ,  -   ,  -   ,  -   ,  -   ,Luyken Catering Services,,
,MARCH 2020 ALLOWANCE FOR COVID-19 EMERGENCY STAFF,Expenditure,Coordination,Coordination,2020-04-16,0,"28,758.00",  -   ,  -   ,  -   ,  -   ,  -   ,  -   ,  -   ,  -   ,  -   ,  -   ,RHODA K WIAH,,
,MARCH 2020 ALLOWANCE FOR COVID-19 EMERGENCY STAFF,Expenditure,Coordination,Coordination,2020-04-16,0,"28,758.00",  -   ,  -   ,  -   ,  -   ,  -   ,  -   ,  -   ,  -   ,  -   ,  -   ,Michael  Y Howard,,
,MARCH 2020 ALLOWANCE FOR COVID-19 EMERGENCY STAFF,Expenditure,Coordination,Coordination,2020-04-16,0,"28,758.00",  -   ,  -   ,  -   ,  -   ,  -   ,  -   ,  -   ,  -   ,  -   ,  -   ,Konah D Roberts,,
,MARCH 2019 ALLOWANCE FOR COVID-19 EMERGENCY STAFF,Expenditure,Coordination,Coordination,2020-04-16,0,"35,880.00",  -   ,  -   ,  -   ,  -   ,  -   ,  -   ,  -   ,  -   ,  -   ,  -   ,ARTHUR J BUSHMAN,,
,MARCH 2020 ALLOWANCE FOR COVID-19 EMERGENCY STAFF,Expenditure,Coordination,Coordination,2020-04-17,0,"30,000.00",  -   ,  -   ,  -   ,  -   ,  -   ,  -   ,  -   ,  -   ,  -   ,  -   ,Konah D Roberts,,
,REIMBURSEMENT FOR PURCHASING OF CASKET FOR A NURSE THAT DIED FROM COVID-19 AND PAYMENT FOR WHEEL BEARING FOR LB-1276 ASSIGNED TO VITAL STATISTICS,Expenditure,DBM,DBM,2020-04-22,0,650,  -   ,  -   ,  -   ,  -   ,  -   ,  -   ,  -   ,  -   ,  -   ,  -   ,Annette Beikor,,
,PAYMENT REPRESENTING CLEARING OF DONATED MEDICAL SUPPLIES FOR COVID-19 AT THE ROBERT INTERNATIONAL AIRPORT,Expenditure,Logistics,Logistics,2020-04-22,0,500,  -   ,  -   ,  -   ,  -   ,  -   ,  -   ,  -   ,  -   ,  -   ,  -   ,Lawrence Felix Amajie,,
,Diesel fuel for joint Security Task Force,Expenditure,Logistics,Logistics,2020-04-27,0,"20,000.00",  -   ,  -   ,  -   ,  -   ,  -   ,  -   ,  -   ,  -   ,  -   ,  -   ,Aminata and Sons Inc.,,
,REIMBURSEMENT FOR PAYMENT MADE TO CASUAL LABORER AT THE GBARNGA HUB FOR LOADING OF SUPPLIES,Expenditure,Coordination,Coordination,2020-04-27,0,200,  -   ,  -   ,  -   ,  -   ,  -   ,  -   ,  -   ,  -   ,  -   ,  -   ,RHODA K WIAH,,
,PAYMENT REPRESENTING VEHICLE MAINTENANCE FOR LB-017,Expenditure,Logistics,Logistics,2020-04-27,0,473,  -   ,  -   ,  -   ,  -   ,  -   ,  -   ,  -   ,  -   ,  -   ,  -   ,Cape Automotive Solutions,,
,COVID -19 RESPONSE ACTIVITIES,Expenditure,Coodination,Coodination,2020-04-27,0,"2,250.00",  -   ,  -   ,  -   ,  -   ,  -   ,  -   ,  -   ,  -   ,  -   ,  -   ,Grand Gedeh CHT,,
,COVID-19 RESPONSE ACTIVITIES,Expenditure,Coodination,Coodination,2020-05-05,0,"5,400.00",  -   ,  -   ,  -   ,  -   ,  -   ,  -   ,  -   ,  -   ,  -   ,  -   ,Maryland CHT,,
,COVID-19 RESPONSE ACTIVITIES,Expenditure,Coodination,Coodination,2020-05-05,0,"30,000.00",  -   ,  -   ,  -   ,  -   ,  -   ,  -   ,  -   ,  -   ,  -   ,  -   ,Montserrado CHT,,
,COVID-19 RESPONSE ACTIVITIES,Expenditure,Coodination,Coodination,2020-05-05,0,"5,400.00",  -   ,  -   ,  -   ,  -   ,  -   ,  -   ,  -   ,  -   ,  -   ,  -   ,River Gee CHT,,
,COVID-19 RESPONSE ACTIVITIES,Expenditure,Coodination,Coodination,2020-05-05,0,"15,000.00",  -   ,  -   ,  -   ,  -   ,  -   ,  -   ,  -   ,  -   ,  -   ,  -   ,Nimba CHT,,
,COVID-19 RESPONSE ACTIVITIES,Expenditure,Coodination,Coodination,2020-05-05,0,"2,250.00",  -   ,  -   ,  -   ,  -   ,  -   ,  -   ,  -   ,  -   ,  -   ,  -   ,Rivercess CHT,,
,COVID-19 RESPONSE ACTIVITIES,Expenditure,Coodination,Coodination,2020-05-05,0,"5,400.00",  -   ,  -   ,  -   ,  -   ,  -   ,  -   ,  -   ,  -   ,  -   ,  -   ,Grand Kru CHT,,
,COVID-19 RESPONSE ACTIVITIES,Expenditure,Coodination,Coodination,2020-05-05,0,"5,400.00",  -   ,  -   ,  -   ,  -   ,  -   ,  -   ,  -   ,  -   ,  -   ,  -   ,Margibi CHT,,
,COVID-19 RESPONSE ACTIVITIES,Expenditure,Coodination,Coodination,2020-05-05,0,"2,250.00",  -   ,  -   ,  -   ,  -   ,  -   ,  -   ,  -   ,  -   ,  -   ,  -   ,Bong County Health System,,
,COVID-19 RESPONSE ACTIVITIES,Expenditure,Coodination,Coodination,2020-05-05,0,"2,250.00",  -   ,  -   ,  -   ,  -   ,  -   ,  -   ,  -   ,  -   ,  -   ,  -   ,Grand Cape Mount County Health System,,
,COVID-19 RESPONSE ACTIVITIES,Expenditure,Coodination,Coodination,2020-05-05,0,"5,400.00",  -   ,  -   ,  -   ,  -   ,  -   ,  -   ,  -   ,  -   ,  -   ,  -   ,Sinoe CHT,,
,COVID-19 RESPONSE ACTIVITIES,Expenditure,Coodination,Coodination,2020-05-05,0,"2,250.00",  -   ,  -   ,  -   ,  -   ,  -   ,  -   ,  -   ,  -   ,  -   ,  -   ,Gbarpolu CHT,,
,VOID,Expenditure,Coodination,Coodination,2020-05-05,0,"2,250.00",  -   ,  -   ,  -   ,  -   ,  -   ,  -   ,  -   ,  -   ,  -   ,  -   ,Grand Gedeh CHT,,
,COVID-19 RESPONSE ACTIVITIES,Expenditure,Coodination,Coodination,2020-05-05,0,"2,250.00",  -   ,  -   ,  -   ,  -   ,  -   ,  -   ,  -   ,  -   ,  -   ,  -   ,Bomi CHT,,
,COVID-19 RESPONSE ACTIVITIES,Expenditure,Coodination,Coodination,2020-05-06,0,"2,250.00",  -   ,  -   ,  -   ,  -   ,  -   ,  -   ,  -   ,  -   ,  -   ,  -   ,Lofa County Health System,,
,MARCH 2020 ALLOWANCE FOR COVID-19 EMERGENCY STAFF,Expenditure,Coodination,Coodination,2020-05-06,0,"55,000.00",  -   ,  -   ,  -   ,  -   ,  -   ,  -   ,  -   ,  -   ,  -   ,  -   ,RHODA  K WIAH,,
,COVID-19 RESPONSE ACTIVITIES,Expenditure,Coodination,Coodination,2020-05-07,0,"2,250.00",  -   ,  -   ,  -   ,  -   ,  -   ,  -   ,  -   ,  -   ,  -   ,  -   ,Grand Bassa CHT,,
,MARCH 2020 ALLOWANCE FOR COVID-19 EMERGENCY STAFF,Expenditure,Coodination,Coodination,2020-05-07,0,"66,870.00",  -   ,  -   ,  -   ,  -   ,  -   ,  -   ,  -   ,  -   ,  -   ,  -   ,Michael Howard,,
,MARCH 2020 ALLOWANCE FOR COVID-19 EMERGENCY STAFF,Expenditure,Coodination,Coodination,2020-05-07,0,"66,870.00",  -   ,  -   ,  -   ,  -   ,  -   ,  -   ,  -   ,  -   ,  -   ,  -   ,Konah D Roberts,,
,PAYMENT FOR PROVIDING LUBRICANTS FOR EQUIPMENT SERVICING,Expenditure,Case Management,Case Management,2020-05-07,0,"2,220.00",  -   ,  -   ,  -   ,  -   ,  -   ,  -   ,  -   ,  -   ,  -   ,  -   ,RockStone,,
,PAYMENT REPRESENTING PRECAUTIONARY OBSERVATION CENTER FOR HOSTING OF  PATIENTS EXPOSED TO COVID-19,Expenditure,Case Management,Case Management,2020-05-08,0,"20,615.00",  -   ,  -   ,  -   ,  -   ,  -   ,  -   ,  -   ,  -   ,  -   ,  -   ,Jahyonnoh's Lodge INC,,
,PAYMENT REPRESENTING ASSORTED HOUSEHOLD MATERIALS FOR PATIENTS AT THE 14 MILITARY HOSPITAL,Expenditure,Case Management,Case Management,2020-05-08,0,"7,950.00",  -   ,  -   ,  -   ,  -   ,  -   ,  -   ,  -   ,  -   ,  -   ,  -   ,TERMIZIOU SON BUSINESS CENTER,,
,60% PAYMENT FOR CATERING SERVICES RENDERED AT THE 14 MILITARY HOSPITAL FOR COVID-19 PATIENTS,Expenditure,Case Management,Case Management,2020-05-08,0,"18,000.00",  -   ,  -   ,  -   ,  -   ,  -   ,  -   ,  -   ,  -   ,  -   ,  -   ,Shark's Entertainment Inc,,
,Payment representing 60% for services rendered by hosting people who returned from COVID-19 affected countries,Expenditure,Case Management,Case Management,2020-05-08,0,"48,000.00",  -   ,  -   ,  -   ,  -   ,  -   ,  -   ,  -   ,  -   ,  -   ,  -   ,Executive Inn,,
,60% PAYMENT FOR SUPPLY OF OFFICE FURNITURE AND HOUSEHOLD ITEMS FOR STAR BASE HOLDING CENTER,Expenditure,Case Management,Case Management,2020-05-08,0,"18,000.00",  -   ,  -   ,  -   ,  -   ,  -   ,  -   ,  -   ,  -   ,  -   ,  -   ,Interwood INC Atlantic beach Hotel,,
,60%PAYMENT FOR CATERING SERVICES AND ACCOMMODATION FOR COVID-19 PATIENTS,Expenditure,Case Management,Case Management,2020-05-09,0,"27,000.00",  -   ,  -   ,  -   ,  -   ,  -   ,  -   ,  -   ,  -   ,  -   ,  -   ,Palm Spring Resort Liberia,,
,60% PAYMENT FOR CATERING SERVICES AND ACCOMMODATION FOR COVID-19 PATIENTS,Expenditure,Case Management,Case Management,2020-05-09,0,"12,000.00",  -   ,  -   ,  -   ,  -   ,  -   ,  -   ,  -   ,  -   ,  -   ,  -   ,Golden Key Hotel,,
,PETTY CASH(IMPREST FUND) FOR DAY TO DAY OPERATIONS OF COVID-19 RESPONSE,Expenditure,Coodination,Coodination,2020-05-09,0,"10,000.00",  -   ,  -   ,  -   ,  -   ,  -   ,  -   ,  -   ,  -   ,  -   ,  -   ,Michael Howard,,
,MARCH 2020  ADDITIONAL ALLOWANCE FOR COVID-19 EMERGENCY STAFF THAT WERE OMITTED FROM THE PAYROLL,Expenditure,Coodination,Coodination,2020-05-11,0,"10,000.00",  -   ,  -   ,  -   ,  -   ,  -   ,  -   ,  -   ,  -   ,  -   ,  -   ,ARTHUR BUSHMAN,,
,60% PAYMENT FOR THE PROVISION OF CATERING SERVICES TO THE AMBULANCE UNIT AT THE JFK HOSPITAL AND 14 MILITARY HOSPITAL FOR COVID-19 RESPONSE TEAM,Expenditure,Case Management,Case Management,2020-05-11,0,"8,452.50",  -   ,  -   ,  -   ,  -   ,  -   ,  -   ,  -   ,  -   ,  -   ,  -   ,MEMA's Marketing Services Inc,,
,60% PAYMENT FOR THE PROVISION OF ACCOMMODATION SERVICE TO THE COVID-19 RESPONSE TEAM,Expenditure,Case Management,Case Management,2020-05-11,0,"11,760.00",  -   ,  -   ,  -   ,  -   ,  -   ,  -   ,  -   ,  -   ,  -   ,  -   ,JW Gbedze Beach Resort,,
,60%PAYMENT FOR CATERING SERVICES FOR PEOPLE THAT ARRIVED FROM COVID-19 AFFECTED COUNTRIES,Expenditure,Case Management,Case Management,2020-05-13,0,"11,760.00",  -   ,  -   ,  -   ,  -   ,  -   ,  -   ,  -   ,  -   ,  -   ,  -   ,Bless 1 Luxury Resort,,
,60% payment for provision of catering services for COVID-19 patients at Star Base Holding Center,Expenditure,Case Management,Case Management,2020-05-13,0,"11,520.00",  -   ,  -   ,  -   ,  -   ,  -   ,  -   ,  -   ,  -   ,  -   ,  -   ,"Bar 70 (Restaurant, Bar and catering Services)",,
,60% PAYMENT FOR CATERING SERVICES RENDERED FOR THE MINISTRY,Expenditure,Case Management,Case Management,2020-05-13,0,"8,640.00",  -   ,  -   ,  -   ,  -   ,  -   ,  -   ,  -   ,  -   ,  -   ,  -   ,Catherine D. Lawrence Catering Service,,
,PAYMENT REPRESENTING INSTALLATION OF EIGHT DOORS AT THE 14 MILITARY HOSPITAL TO DEMARCATE THE RED ZONE FROM THE GREEN ZONE,Expenditure,Case Management,Case Management,2020-05-13,0,"2,950.00",  -   ,  -   ,  -   ,  -   ,  -   ,  -   ,  -   ,  -   ,  -   ,  -   ,Prestige  Engineering INC.,,
,60% PAYMENT FOR CATERING SERVICES AND ACCOMMODATION FOR COVID-19 PATIENTS,Expenditure,Case Management,Case Management,2020-05-15,0,"6,056.40",  -   ,  -   ,  -   ,  -   ,  -   ,  -   ,  -   ,  -   ,  -   ,  -   ,Ganta Ambassador Guest House,,
,PAYMENT FOR THE SUPPLY OF FUEL FOR THE 14 MILITARY FOR COVID-19,Expenditure,Case Management,Case Management,2020-05-15,0,700,  -   ,  -   ,  -   ,  -   ,  -   ,  -   ,  -   ,  -   ,  -   ,  -   ,"TOTAL LIBERIA, INC.",,
,PAYMENT FOR MEDIA COVERAGE FOR IMS VISITATION AND COVID-19 TESTING,Expenditure,Risk Communication,Risk Communication,2020-05-21,0,"1,500.00",  -   ,  -   ,  -   ,  -   ,  -   ,  -   ,  -   ,  -   ,  -   ,  -   ,Chester A Smith,,
,PAYMENT FOR HANDLING AND DEMURAGE CHARGE FOR 20FT CONTAINER OF MEDICAL SUPPLIES INTENDED FOR THE MINISTRY,Expenditure,Logistics,Logistics,2020-05-22,0,748.63,  -   ,  -   ,  -   ,  -   ,  -   ,  -   ,  -   ,  -   ,  -   ,  -   ,CMA CGM Liberia Incorporated,,
,PAYMENT FOR HANDLING AND DEMURAGE CHARGE FOR 20FT CONTAINER OF MEDICAL SUPPLIES INTENDED FOR THE MINISTRY,Expenditure,Logistics,Logistics,2020-05-27,0,"1,450.56",  -   ,  -   ,  -   ,  -   ,  -   ,  -   ,  -   ,  -   ,  -   ,  -   ,CMA CGM Liberia Incorporated,,
,40% payment for the supply of non-medical supplies,Expenditure,Case Management,Case Management,2020-05-28,0,"7,023.41",  -   ,  -   ,  -   ,  -   ,  -   ,  -   ,  -   ,  -   ,  -   ,  -   ,A.T. C.,,
,60% Payment for the supply of non-medical supplies,Expenditure,Case Management,Case Management,2020-05-28,0,"10,621.20",  -   ,  -   ,  -   ,  -   ,  -   ,  -   ,  -   ,  -   ,  -   ,  -   ,A.T. C.,,
,PAYMENT FOR HANDLING AND DEMURAGE CHARGE FOR 20FT CONTAINER OF MEDICAL SUPPLIES INTENDED FOR THE MINISTRY,Expenditure,Logistics,Logistics,2020-05-28,0,"1,450.56",  -   ,  -   ,  -   ,  -   ,  -   ,  -   ,  -   ,  -   ,  -   ,  -   ,Albert Y Appleton,,
,APRIL AND MAY 2020 DAILY HIRE SALARY,Expenditure,Case Management,Case Management,2020-05-29,0,"7,320.00",  -   ,  -   ,  -   ,  -   ,  -   ,  -   ,  -   ,  -   ,  -   ,  -   ,Michael Howard,,
,APRIL 2020 SALARY PAYMENT FOR COVID-19 RESPONSE STAFF,Expenditure,Coodination,Coodination,2020-05-29,0,"9,978.00",  -   ,  -   ,  -   ,  -   ,  -   ,  -   ,  -   ,  -   ,  -   ,  -   ,Liberia Bank for Development and Investment (LBDI),,
,APRIL 2020 SALARY PAYMENT FOR COVID-19 RESPONSE STAFF,Expenditure,Coodination,Coodination,2020-06-01,0,"6,432.00",  -   ,  -   ,  -   ,  -   ,  -   ,  -   ,  -   ,  -   ,  -   ,  -   ,United Bank For Africa - Lib,,
,APRIL 2020 SALARY PAYMENT FOR COVID-19 RESPONSE STAFF,Expenditure,Coodination,Coodination,2020-06-01,0,450,  -   ,  -   ,  -   ,  -   ,  -   ,  -   ,  -   ,  -   ,  -   ,  -   ,Global Bank Liberia Limited,,
,APRIL 2020 SALARY PAYMENT FOR COVID-19 RESPONSE STAFF,Expenditure,Coodination,Coodination,2020-06-01,0,612,  -   ,  -   ,  -   ,  -   ,  -   ,  -   ,  -   ,  -   ,  -   ,  -   ,GN Bank,,
,APRIL 2020 SALARY PAYMENT FOR COVID-19 RESPONSE STAFF,Expenditure,Coodination,Coodination,2020-06-01,0,"16,290.00",  -   ,  -   ,  -   ,  -   ,  -   ,  -   ,  -   ,  -   ,  -   ,  -   ,Ecobank Liberia,,
,APRIL 2020 SALARY PAYMENT FOR COVID-19 RESPONSE STAFF,Expenditure,Coodination,Coodination,2020-06-01,0,"2,610.00",  -   ,  -   ,  -   ,  -   ,  -   ,  -   ,  -   ,  -   ,  -   ,  -   ,Access Bank Liberia Limited,,
,APRIL 2020 SALARY PAYMENT FOR COVID-19 RESPONSE STAFF,Expenditure,Coodination,Coodination,2020-06-01,0,"3,486.00",  -   ,  -   ,  -   ,  -   ,  -   ,  -   ,  -   ,  -   ,  -   ,  -   ,International Bank of Liberia (IBL),,
,APRIL 2020 SALARY PAYMENT FOR COVID-19 RESPONSE STAFF,Expenditure,Coodination,Coodination,2020-06-01,0,252,  -   ,  -   ,  -   ,  -   ,  -   ,  -   ,  -   ,  -   ,  -   ,  -   ,Afriland First Bank Liberia,,
,APRIL 2020 SALARY PAYMENT FOR COVID-19 RESPONSE STAFF,Expenditure,Coodination,Coodination,2020-06-01,0,"22,050.00",  -   ,  -   ,  -   ,  -   ,  -   ,  -   ,  -   ,  -   ,  -   ,  -   ,Guaranty Trust Bank,,
,PAYMENT REPRESENTING VEHICLE MAINTENANCE FOR LB-1001 ASSIGNED TO DMA,Expenditure,Logistics,Logistics,2020-06-01,0,941,  -   ,  -   ,  -   ,  -   ,  -   ,  -   ,  -   ,  -   ,  -   ,  -   ,Prestige Motor Corporation,,
,PETTY CASH(IMPREST FUND) FOR DAY TO DAY OPERATIONS OF COVID-19 RESPONSE,Expenditure,Coodination,Coodination,2020-06-03,0,"9,525.00",  -   ,  -   ,  -   ,  -   ,  -   ,  -   ,  -   ,  -   ,  -   ,  -   ,Michael Howard,,
,BANK SERVICE CHARGE FOR APRIL 2020 PAYROLL OF COVID-19 RESPONSE STAFF,Expenditure,Coodination,Coodination,2020-06-03,0,200,  -   ,  -   ,  -   ,  -   ,  -   ,  -   ,  -   ,  -   ,  -   ,  -   ,Liberia Bank for Development and Investment (LBDI),,
,PAYMENT FOR SERVICING OF GENERATORS FOR THE 14 MILITARY NATIONAL TREATMENT CENTER,Expenditure,Logistics,Logistics,2020-06-04,0,"2,514.00",  -   ,  -   ,  -   ,  -   ,  -   ,  -   ,  -   ,  -   ,  -   ,  -   ,Victor A Momoh,,
,APRIL 2020 SALARY PAYMENT FOR COVID-19 RESPONSE STAFF,Expenditure,Coodination,Coodination,2020-06-09,0,"9,414.00",  -   ,  -   ,  -   ,  -   ,  -   ,  -   ,  -   ,  -   ,  -   ,  -   ,International Bank of Liberia (IBL),,
,DSA IMS STAFF TO CONDUCT MONITORING AND SUPERVISION OF COVID-19 RELATED ACTIVITIES IN THE COUNTIES,Expenditure,Lab,Lab,2020-06-11,0,"3,320.00",  -   ,  -   ,  -   ,  -   ,  -   ,  -   ,  -   ,  -   ,  -   ,  -   ,RHODA  K WIAH,,
,APRIL 2020 SALARY PAYMENT FOR COVID-19 RESPONSE STAFF,Expenditure,Coodination,Coodination,2020-06-11,0,"2,832.00",  -   ,  -   ,  -   ,  -   ,  -   ,  -   ,  -   ,  -   ,  -   ,  -   ,GN Bank,,
,APRIL 2020 SALARY PAYMENT FOR COVID-19 RESPONSE STAFF,Expenditure,Coodination,Coodination,2020-06-11,0,"9,750.00",  -   ,  -   ,  -   ,  -   ,  -   ,  -   ,  -   ,  -   ,  -   ,  -   ,Access Bank Liberia Limited,,
,APRIL 2020 SALARY PAYMENT FOR COVID-19 RESPONSE STAFF,Expenditure,Coodination,Coodination,2020-06-11,0,"9,435.00",  -   ,  -   ,  -   ,  -   ,  -   ,  -   ,  -   ,  -   ,  -   ,  -   ,United Bank For Africa - Lib,,
,APRIL 2020 SALARY PAYMENT FOR COVID-19 RESPONSE STAFF,Expenditure,Coodination,Coodination,2020-06-11,0,"14,760.00",  -   ,  -   ,  -   ,  -   ,  -   ,  -   ,  -   ,  -   ,  -   ,  -   ,Ecobank Liberia,,
,APRIL 2020 SALARY PAYMENT FOR COVID-19 RESPONSE STAFF,Expenditure,Coodination,Coodination,2020-06-11,0,"10,242.00",  -   ,  -   ,  -   ,  -   ,  -   ,  -   ,  -   ,  -   ,  -   ,  -   ,United Bank For Africa - Lib,,
,APRIL 2020 SALARY PAYMENT FOR COVID-19 RESPONSE STAFF,Expenditure,Coodination,Coodination,2020-06-11,0,270,  -   ,  -   ,  -   ,  -   ,  -   ,  -   ,  -   ,  -   ,  -   ,  -   ,Afriland First Bank Liberia,,
,PAYMENT TO FACILITATE THE HANDLING AND CLEARING OF CONSIGNMENT OF DONATIONS BY THE CHINESE GOVERNMENT TO HELP IN THE FIGHT OF COVID-19 PANDEMIC,Expenditure,Logistics,Logistics,2020-06-11,0,"1,000.00",  -   ,  -   ,  -   ,  -   ,  -   ,  -   ,  -   ,  -   ,  -   ,  -   ,Lawrence Felix Amajie,,
,APRIL 2020 SALARY PAYMENT FOR COVID-19 RESPONSE STAFF and manager check fees,Expenditure,Coodination,Coodination,2020-06-11,0,"11,363.00",  -   ,  -   ,  -   ,  -   ,  -   ,  -   ,  -   ,  -   ,  -   ,  -   ,Liberia Bank for Development and Investment (LBDI),,
,APRIL 2020 SALARY PAYMENT FOR COVID-19 RESPONSE STAFF,Expenditure,Coodination,Coodination,2020-06-11,0,"52,497.00",  -   ,  -   ,  -   ,  -   ,  -   ,  -   ,  -   ,  -   ,  -   ,  -   ,Guaranty Trust Bank,,
,APRIL 2020 SALARY PAYMENT FOR COVID-19 RESPONSE STAFF,Expenditure,Coodination,Coodination,2020-06-11,0,270,  -   ,  -   ,  -   ,  -   ,  -   ,  -   ,  -   ,  -   ,  -   ,  -   ,Global Bank Liberia Limited,,
,60% PAYMENT FOR CATERING SERVICES AND ACCOMMODATION FOR COVID-19 PATIENTS,Expenditure,Coodination,Coodination,2020-06-11,0,"26,766.16",  -   ,  -   ,  -   ,  -   ,  -   ,  -   ,  -   ,  -   ,  -   ,  -   ,Bless 1 Luxury Resort,,
,FUEL SUPPORT OF IMS LOGISTICS PILLAR FOR COVID-19 RESPONSE,Expenditure,Logistics,Logistics,2020-06-13,0,"11,501.00",  -   ,  -   ,  -   ,  -   ,  -   ,  -   ,  -   ,  -   ,  -   ,  -   ,Super Petroleum Company,,
,60% PAYMENT FOR CATERING SERVICES AND ACCOMMODATION FOR COVID-19 PATIENTS,Expenditure,Case Management,Case Management,2020-06-13,0,"39,513.60",  -   ,  -   ,  -   ,  -   ,  -   ,  -   ,  -   ,  -   ,  -   ,  -   ,Bless 1 Luxury Resort,,
,60% payment for catering services at the 14 Military Hospital,Expenditure,Case Management,Case Management,2020-06-15,0,"35,571.01",  -   ,  -   ,  -   ,  -   ,  -   ,  -   ,  -   ,  -   ,  -   ,  -   ,Shark's Entertainment Inc,,
,Laboratory Supplies,Expenditure,Lab,Lab,2020-06-16,0,"5,762.00",  -   ,  -   ,  -   ,  -   ,  -   ,  -   ,  -   ,  -   ,  -   ,  -   ,IDS Liberia,,
,60% payment for  Catering services rendered for COVID-19 Patients,Expenditure,Case Management,Case Management,2020-06-17,0,"23,765.18",  -   ,  -   ,  -   ,  -   ,  -   ,  -   ,  -   ,  -   ,  -   ,  -   ,"Bar 70 (Restaurant, Bar and catering Services)",,
,PAYMENT FOR CATERING SERVICES FOR HOSTING PEOPLE COMING FROM CORONAVIRUS AFFECTED COUNTRIES,Expenditure,Case Management,Case Management,2020-06-18,0,"218,340.00",  -   ,  -   ,  -   ,  -   ,  -   ,  -   ,  -   ,  -   ,  -   ,  -   ,Palm Spring Resort Liberia,,
,PAYMENT TO ENHANCE RISK COMMUNICATION AND MEDIA ENGAGEMENT,Expenditure,Risk Communication,Risk Communication,2020-06-18,0,"2,000.00",  -   ,  -   ,  -   ,  -   ,  -   ,  -   ,  -   ,  -   ,  -   ,  -   ,Sorbor George  Advance,,
,PAYMENT FOR LIVE APPEARANCES ON FABRIC RADIO TO ENHANCE RISK COMMUNICATION AND MEDIA ENGAGEMENT,Expenditure,Risk Communication,Risk Communication,2020-06-22,0,500,  -   ,  -   ,  -   ,  -   ,  -   ,  -   ,  -   ,  -   ,  -   ,  -   ,"Prime Communications Network, Inc",,
,PAYMENT FOR LIVE APPEARANCES ON FABRIC RADIO TO ENHANCE RISK COMMUNICATION AND MEDIA ENGAGEMENT,Expenditure,Risk Communication,Risk Communication,2020-06-23,0,500,  -   ,  -   ,  -   ,  -   ,  -   ,  -   ,  -   ,  -   ,  -   ,  -   ,Excellent Communications Inc,,
,PAYMENT FOR LIVE APPEARANCES ON FABRIC RADIO TO ENHANCE RISK COMMUNICATION AND MEDIA ENGAGEMENT,Expenditure,Risk Communication,Risk Communication,2020-06-23,0,500,  -   ,  -   ,  -   ,  -   ,  -   ,  -   ,  -   ,  -   ,  -   ,  -   ,Fanina Recording and Broadcasting Corporaation (FARBRIC),,
,PAYMENT FOR LIVE APPEARANCES ON FABRIC RADIO TO ENHANCE RISK COMMUNICATION AND MEDIA ENGAGEMENT,Expenditure,Risk Communication,Risk Communication,2020-06-23,0,500,  -   ,  -   ,  -   ,  -   ,  -   ,  -   ,  -   ,  -   ,  -   ,  -   ,Liberia Broadcasting System,,
,"60% PAYMENT FOR ACCOMMODATION FOR NURSES, DOCTORS, AND POLICE OFFICERS FOR COVID-19 RESPONSE",Expenditure,Case Management,Case Management,2020-06-23,0,"56,560.00",  -   ,  -   ,  -   ,  -   ,  -   ,  -   ,  -   ,  -   ,  -   ,  -   ,Kailondo Hotel,,
,"60% PAYMENT FOR ACCOMMODATION FOR NURSES, DOCTORS, AND POLICE OFFICERS FOR COVID-19 RESPONSE",Expenditure,Case Management,Case Management,2020-06-24,0,"11,613.85",  -   ,  -   ,  -   ,  -   ,  -   ,  -   ,  -   ,  -   ,  -   ,  -   ,Executive Inn,,
,60% PAYMENT FOR TEMPORARY HOSTING  AND SCREENING OF PERSONS RETURNING FORM COVID-19 AFFECTED COUNTRIES,Expenditure,Case Management,Case Management,2020-06-24,0,"20,080.20",  -   ,  -   ,  -   ,  -   ,  -   ,  -   ,  -   ,  -   ,  -   ,  -   ,Golden Gate (Liberia) Inc.,,
,PAYMENT FOR RENOVATION AND CREATION OF STAR BASE WHERE RETURNEES FROM COVID-19 AFFECTED COUNTRIES WILL BE HOSTED TEMPORARILY FOR MEDICAL OBSERVATION,Expenditure,Case Management,Case Management,2020-06-24,0,"112,059.92",  -   ,  -   ,  -   ,  -   ,  -   ,  -   ,  -   ,  -   ,  -   ,  -   ,Bittar Construction Company Limited,,
,PAYMENT FOR CATERING SERVICES FOR HEALTH RESPONDERS AND QUARANTINED PERSONS AT VARIOUS PRECAUTIONARY OBSERVATION CENTERS IN MONROVIA,Expenditure,Case Management,Case Management,2020-06-24,0,"8,144.96",  -   ,  -   ,  -   ,  -   ,  -   ,  -   ,  -   ,  -   ,  -   ,  -   ,Cook Shop Food Services,,
,PAYMENT FOR THE SUPPLY OF ELECTRICAL MATERIALS FOR  INSTALLATION OF THE 500KVA GENERATOR TO BE USED AT THE 14 MILITARY HOSPITAL,Expenditure,Case Management,Case Management,2020-06-26,0,"12,302.72",  -   ,  -   ,  -   ,  -   ,  -   ,  -   ,  -   ,  -   ,  -   ,  -   ,H and A Corporation,,
,PAYMENT FOR CATERING SERVICES FOR HEALTH RESPONDERS AND QUARANTINED PERSONS AT JAYONNOH PRECAUTIONARY OBSERVATION CENTER,Expenditure,Case Management,Case Management,2020-06-26,0,"9,000.00",  -   ,  -   ,  -   ,  -   ,  -   ,  -   ,  -   ,  -   ,  -   ,  -   ,IFEEL Bar and Restaurant,,